{"cameraMode":{"drawMode":0,"name":"Shaded","section":"Shading Mode"},"sceneLighting":true,"audioPlay":false,"sceneViewState":{"m_AlwaysRefresh":false,"showFog":true,"showSkybox":true,"showFlares":true,"showImageEffects":true,"showParticleSystems":true,"showVisualEffectGraphs":true,"m_FxEnabled":true},"in2DMode":false,"pivot":{"x":9.60184383392334,"y":4.037278175354004,"z":-1.1072267293930054},"rotation":{"x":0.09786499291658402,"y":-0.40024060010910036,"z":0.04303009435534477,"w":0.9101695418357849},"size":0.8660253286361694,"orthographic":false}