{"cameraMode":{"drawMode":0,"name":"Shaded","section":"Shading Mode"},"sceneLighting":true,"audioPlay":false,"sceneViewState":{"m_AlwaysRefresh":false,"showFog":true,"showSkybox":true,"showFlares":true,"showImageEffects":true,"showParticleSystems":true,"showVisualEffectGraphs":true,"m_FxEnabled":true},"in2DMode":false,"pivot":{"x":-0.14065596461296082,"y":-0.012525239028036595,"z":2.8322806358337404},"rotation":{"x":-0.11960597336292267,"y":0.08240208029747009,"z":-0.009962079115211964,"w":-0.9893479347229004},"size":0.8660253882408142,"orthographic":false}